{
  "total_samples": 685,
  "exact_match": 2,
  "exact_match_rate": 0.00291970802919708,
  "hit@10": 0.013138686131386862,
  "recall@10": 0.013138686131386862,
  "mrr@10": 0.006169621133124783,
  "valid_sid_rate": 1.0,
  "avg_latency_ms": 5035.522288649621
}