{
  "total_samples": 2000,
  "exact_match": 11,
  "exact_match_rate": 0.0055,
  "hit@10": 0.026,
  "recall@10": 0.026,
  "mrr@10": 0.010802976190476187,
  "valid_sid_rate": 1.0,
  "avg_latency_ms": 3406.287560582161
}