{
  "total": 685,
  "skipped": 0,
  "top_k": 10,
  "hr@1": 0.00291970802919708,
  "hr@10": 0.013138686131386862,
  "recall@10": 0.013138686131386862,
  "mrr@10": 0.006169621133124783,
  "ndcg@10": 0.007838267921660062,
  "single_prediction_ratio": 0.0
}