{
  "total_samples": 1016,
  "exact_match": 6,
  "exact_match_rate": 0.005905511811023622,
  "hit@10": 0.017716535433070866,
  "recall@10": 0.017716535433070866,
  "mrr@10": 0.009492563429571303,
  "valid_sid_rate": 1.0,
  "avg_latency_ms": 2458.1571467748777
}