{
  "total": 2000,
  "skipped": 0,
  "top_k": 10,
  "hr@1": 0.0065,
  "hr@10": 0.022,
  "recall@10": 0.022,
  "mrr@10": 0.011947817460317457,
  "ndcg@10": 0.01441489026583618,
  "single_prediction_ratio": 0.0
}