{
  "total": 1016,
  "skipped": 0,
  "top_k": 10,
  "hr@1": 0.005905511811023622,
  "hr@10": 0.017716535433070866,
  "recall@10": 0.017716535433070866,
  "mrr@10": 0.009492563429571303,
  "ndcg@10": 0.01144627491726105,
  "single_prediction_ratio": 0.0
}