{
  "total": 2000,
  "skipped": 0,
  "top_k": 10,
  "hr@1": 0.0055,
  "hr@10": 0.026,
  "recall@10": 0.026,
  "mrr@10": 0.010802976190476187,
  "ndcg@10": 0.014343949604683296,
  "single_prediction_ratio": 0.0
}